Feature_Set,ADE,FDE,Description
Kinematics,2.2509102821350098,5.507497310638428,基础运动学输入
+ delay embedding,2.2481329441070557,5.499838352203369,加入历史状态的延迟嵌入结构
+ Lyapunov proxy,2.245096206665039,5.490101337432861,加入有限窗口扰动发散与 jerk 统计
+ RQA,2.2466914653778076,5.492575645446777,加入递归率、确定性和对角线长度
+ entropy/DFA,2.2497715950012207,5.503204822540283,加入样本熵、多尺度样本熵和 DFA/Hurst 代理
+ graph interaction,2.24660587310791,5.485126972198486,加入邻域图密度、车头间距和相对速度
