RQA_eps_percentile,ADE,FDE
5,2.624065399169922,5.906108856201172
10,2.4811394214630127,5.425202369689941
15,2.510429859161377,5.481304168701172
20,2.4877071380615234,5.446832180023193
