Feature_Set,ADE,FDE,Description
Kinematics,2.22318434715271,5.506679058074951,基础运动学输入
+ delay embedding,2.2230606079101562,5.505216598510742,加入历史状态的延迟嵌入结构
+ Lyapunov proxy,2.2159526348114014,5.486446857452393,加入有限窗口扰动发散与 jerk 统计
+ RQA,2.22227144241333,5.495179653167725,加入递归率、确定性和对角线长度
+ entropy/DFA,2.224809408187866,5.499490261077881,加入样本熵、多尺度样本熵和 DFA/Hurst 代理
+ graph interaction,2.2231335639953613,5.490753173828125,加入邻域图密度、车头间距和相对速度
