Feature_Set,ADE,FDE,Description
Kinematics,2.1921868324279785,5.422455787658691,基础运动学输入
+ delay embedding,2.193401336669922,5.426876068115234,加入历史状态的延迟嵌入结构
+ Lyapunov proxy,2.1945419311523438,5.425792217254639,加入有限窗口扰动发散与 jerk 统计
+ RQA,2.194300889968872,5.424437999725342,加入递归率、确定性和对角线长度
+ entropy/DFA,2.200129508972168,5.4344282150268555,加入样本熵、多尺度样本熵和 DFA/Hurst 代理
+ graph interaction,2.2004706859588623,5.431114196777344,加入邻域图密度、车头间距和相对速度
